COUNTY,itemID,TilesetID
15County,https://morpc.maps.arcgis.com/sharing/rest/content/items/19df5d27de4e43c3b3b90e125ac0b56d/data,14
Delaware,https://morpc.maps.arcgis.com/sharing/rest/content/items/eb69a1f944784958bcbbd45f580a072a/data,14
Fairfield,https://morpc.maps.arcgis.com/sharing/rest/content/items/9db9155fbc6f4a34990ab225d33db385/data,14
Fayette,https://morpc.maps.arcgis.com/sharing/rest/content/items/bb133391f7e745848fba7e074c8e1bfe/data,14
Franklin,https://morpc.maps.arcgis.com/sharing/rest/content/items/90818486c6fe4c6a9337f0c45b270c7b/data,14
Hocking,https://morpc.maps.arcgis.com/sharing/rest/content/items/07957a40aa924783bf9a8e103f3302e6/data,14
Knox,https://morpc.maps.arcgis.com/sharing/rest/content/items/81e82855f14c4a7bb53e6f6f8fd7bad8/data,14
Licking,https://morpc.maps.arcgis.com/sharing/rest/content/items/d4f57f7a1d134ecebe11fd2f96a14e23/data,14
Logan,https://morpc.maps.arcgis.com/sharing/rest/content/items/347c54e36d6c49ef93c41393a54d7eb1/data,14
Madison,https://morpc.maps.arcgis.com/sharing/rest/content/items/4559daee31244a5ea956bf3fab1a78d0/data,14
Marion,https://morpc.maps.arcgis.com/sharing/rest/content/items/ea331950a2a64fd980aef2613e0ea88f/data,14
Morrow,https://morpc.maps.arcgis.com/sharing/rest/content/items/5547cbe1497d461ca8f14b65b96f87cb/data,14
Perry,https://morpc.maps.arcgis.com/sharing/rest/content/items/dfdc6599ea5d403b88d132bd2fef3432/data,14
Pickaway,https://morpc.maps.arcgis.com/sharing/rest/content/items/b185c67e802e4d7bb9673e89c154e30b/data,14
Ross,https://morpc.maps.arcgis.com/sharing/rest/content/items/e30eeca61ca7498f8b0952e653b13fba/data,14
Union,https://morpc.maps.arcgis.com/sharing/rest/content/items/f4dfc2381a724e1597ffb1b6aee241c7/data,14
